advisor_id,publication_candidate_id,title,doi,year,candidate_source,candidate_author_id,author_name,affiliation,orcid,identity_status,identity_evidence,counterevidence,decision,adopted_evidence_id,duplicate_group,version_relation,review_required,notes
chen-shuhua,E2,Research progress of endothelial-mesenchymal transition in diabetic kidney disease.,10.1111/jcmm.17356,2022,PubMed PMID 35560773; Crossref/DOI when DOI exists; official profile for E2-E6,ORCID:0000-0003-2373-3402,Shuhua Chen,"Department of Biochemistry and Molecular Biology, School of Life Sciences, Central South University",0000-0003-2373-3402,verified,Official profile representative-publication list; DOI and PubMed author metadata agree.,None found in reviewed records,adopted,E2,,canonical journal record; no linked preprint identified,yes,Featured selection remains pending_manual_review.
chen-shuhua,E3,Glucolipotoxicity induces endothelial cell dysfunction by activating autophagy and inhibiting autophagic flow.,10.1177/14791641221102513,2022,PubMed PMID 35549572; Crossref/DOI when DOI exists; official profile for E2-E6,PUBMED_NAME_AFFILIATION_CLUSTER,Shuhua Chen,"Department of Biochemistry, School of Life Sciences, Central South University",,verified,Official profile representative-publication list; DOI and PubMed author metadata agree.,None found in reviewed records,adopted,E3,,canonical journal record; no linked preprint identified,yes,Featured selection remains pending_manual_review.
chen-shuhua,E4,Vildagliptin improves high glucose-induced endothelial mitochondrial dysfunction via inhibiting mitochondrial fission.,10.1111/jcmm.13975,2019,PubMed PMID 30444033; Crossref/DOI when DOI exists; official profile for E2-E6,PUBMED_NAME_AFFILIATION_CLUSTER,Shuhua Chen,"Department of Biochemistry, School of Life Sciences, Central South University",,verified,Official profile representative-publication list; DOI and PubMed author metadata agree.,None found in reviewed records,adopted,E4,,canonical journal record; no linked preprint identified,yes,Featured selection remains pending_manual_review.
chen-shuhua,E5,S1PR2 antagonist ameliorate high glucose-induced fission and dysfunction of mitochondria in HRGECs via regulating ROCK1.,10.1186/s12882-019-1323-0,2019,PubMed PMID 30999892; Crossref/DOI when DOI exists; official profile for E2-E6,PUBMED_NAME_AFFILIATION_CLUSTER,Shuhua Chen,"Department of Biochemistry, School of Life Sciences of Central South University",,verified,Official profile representative-publication list; DOI and PubMed author metadata agree.,None found in reviewed records,adopted,E5,,canonical journal record; no linked preprint identified,yes,Featured selection remains pending_manual_review.
chen-shuhua,E6,NK1.1+ cells promote sustained tissue injury and inflammation after trauma with hemorrhagic shock.,10.1189/jlb.3a0716-333r,2017,PubMed PMID 28515228; Crossref/DOI when DOI exists; official profile for E2-E6,PUBMED_NAME_AFFILIATION_CLUSTER,Shuhua Chen,"Department of Biochemistry, School of Life Sciences, Central South University",,verified,Official profile representative-publication list; DOI and PubMed author metadata agree.,None found in reviewed records,adopted,E6,,canonical journal record; no linked preprint identified,yes,Featured selection remains pending_manual_review.
chen-shuhua,E7,Quercetin Alleviates Endothelial Dysfunction in Atherosclerosis by Inhibiting Ferroptosis Through PACS2/HMOX-1 Pathway.,10.1142/s0192415x26500229,2026,PubMed PMID 41692703; Crossref/DOI when DOI exists; official profile for E2-E6,ORCID:0000-0003-2373-3402,Shuhua Chen,Central South University,0000-0003-2373-3402,verified,"Exact ORCID, current department, topic, and coauthor network agree across DOI and PubMed metadata.",None found in reviewed records,adopted,E7,,canonical journal record; no linked preprint identified,yes,Featured selection remains pending_manual_review.
chen-shuhua,E8,PACS2 deficiency ameliorates hepatic steatosis via inhibition of the JNK signaling pathway in diabetic mice.,10.1016/j.bcp.2026.117794,2026,PubMed PMID 41687826; Crossref/DOI when DOI exists; official profile for E2-E6,PUBMED_NAME_AFFILIATION_CLUSTER,Shuhua Chen,"Department of Biochemistry and Molecular Biology, School of Life Sciences, Central South University",,verified,Exact official email and current department in PubMed metadata.,None found in reviewed records,candidate,,,canonical journal record; no linked preprint identified,yes,Featured selection remains pending_manual_review.
chen-shuhua,E9,Macrophage FTO deficiency accelerates atherosclerosis via PACS2-mediated activation of the PPARγ lipid signaling pathway.,10.1186/s12967-026-08076-3,2026,PubMed PMID 41917949; Crossref/DOI when DOI exists; official profile for E2-E6,PUBMED_NAME_AFFILIATION_CLUSTER,Shuhua Chen,"Department of Biochemistry, School of Life Sciences of Central South University",,verified,"Current department, vascular topic, and established PACS2/coauthor cluster agree.",None found in reviewed records,candidate,,,canonical journal record; no linked preprint identified,yes,Featured selection remains pending_manual_review.
chen-shuhua,E10,Association of the atherogenic index of plasma combined with obesity indices with cardiovascular disease and mortality.,10.1186/s12944-026-02932-3,2026,PubMed PMID 41851760; Crossref/DOI when DOI exists; official profile for E2-E6,PUBMED_NAME_AFFILIATION_CLUSTER,Shuhua Chen,"Department of Biochemistry, School of Life Sciences, Central South University",,verified,"Current department, vascular topic, and established coauthor cluster agree.",None found in reviewed records,candidate,,,canonical journal record; no linked preprint identified,yes,Featured selection remains pending_manual_review.
chen-shuhua,E11,PACS2 initiates foam cell formation in macrophages through the ROS-PPARγ-CD36 positive feedback loop.,10.1016/j.bcp.2025.117164,2025,PubMed PMID 40653022; Crossref/DOI when DOI exists; official profile for E2-E6,PUBMED_NAME_AFFILIATION_CLUSTER,Shuhua Chen,"Department of Biochemistry, School of Life Sciences of Central South University",,verified,Current department and established PACS2/vascular coauthor cluster agree.,None found in reviewed records,candidate,,,canonical journal record; no linked preprint identified,yes,Featured selection remains pending_manual_review.
chen-shuhua,E12,SRSF3 Inhibits High Glucose and Palmitic Acid-Induced Cardiomyocyte Apoptosis Through the PI3K/AKT and NF-κB Pathways.,10.1002/jbt.70395,2025,PubMed PMID 40631627; Crossref/DOI when DOI exists; official profile for E2-E6,PUBMED_NAME_AFFILIATION_CLUSTER,Shuhua Chen,"Department of Biochemistry, School of Life Sciences of Central South University",,verified,Current department and established high-glucose/cardiovascular coauthor cluster agree.,None found in reviewed records,candidate,,,canonical journal record; no linked preprint identified,yes,Featured selection remains pending_manual_review.
chen-shuhua,E13,S1PR2 Mediates Smooth Muscle Cell Proliferation and Endothelial Cell Permeability via Akt/mTOR and RhoA/ROCK1 in Atherosclerosis.,10.1002/jbt.70351,2025,PubMed PMID 40495705; Crossref/DOI when DOI exists; official profile for E2-E6,PUBMED_NAME_AFFILIATION_CLUSTER,Shuhua Chen,"Department of Biochemistry, School of Life Sciences of Central South University",,verified,Current department and established S1PR2/vascular coauthor cluster agree.,None found in reviewed records,candidate,,,canonical journal record; no linked preprint identified,yes,Featured selection remains pending_manual_review.
chen-shuhua,E14,S1PR3 in hippocampal neurons improves synaptic plasticity and decreases depressive behavior via downregulation of RhoA/ROCK1.,10.1016/j.pnpbp.2025.111256,2025,PubMed PMID 39828081; Crossref/DOI when DOI exists; official profile for E2-E6,PUBMED_NAME_AFFILIATION_CLUSTER,Shuhua Chen,"Department of Biochemistry, School of Life Sciences of Central South University",,verified,Current department and established S1PR/RhoA/ROCK1 coauthor cluster agree; topical shift retained for Owner review.,None found in reviewed records,candidate,,,canonical journal record; no linked preprint identified,yes,Featured selection remains pending_manual_review.
chen-shuhua,E15,PACS2/CPT1A/DHODH signaling promotes cardiomyocyte ferroptosis in diabetic cardiomyopathy.,10.1186/s12933-024-02514-6,2024,PubMed PMID 39633391; Crossref/DOI when DOI exists; official profile for E2-E6,PUBMED_NAME_AFFILIATION_CLUSTER,Shuhua Chen,"Department of Biochemistry, School of Life Sciences of Central South University",,verified,Current department and established PACS2/cardiovascular coauthor cluster agree.,None found in reviewed records,candidate,,,canonical journal record; no linked preprint identified,yes,Featured selection remains pending_manual_review.
chen-shuhua,E16,S1PR1 suppresses lung adenocarcinoma progression through p-STAT1/miR-30c-5p/FOXA1 pathway.,10.1186/s13046-024-03230-5,2024,PubMed PMID 39551792; Crossref/DOI when DOI exists; official profile for E2-E6,PUBMED_NAME_AFFILIATION_CLUSTER,Shuhua Chen,"Department of Biochemistry, School of Life Sciences of Central South University",,verified,Current department and established S1PR coauthor cluster agree; cancer topic retained for Owner review.,None found in reviewed records,candidate,,,canonical journal record; no linked preprint identified,yes,Featured selection remains pending_manual_review.
chen-shuhua,E17,Associations between Life's Essential 8 and abdominal aortic calcification among US Adults: a cross-sectional study.,10.1186/s12889-024-18622-7,2024,PubMed PMID 38641579; Crossref/DOI when DOI exists; official profile for E2-E6,PUBMED_NAME_AFFILIATION_CLUSTER,Shuhua Chen,"Department of Biochemistry, School of Life Sciences, Central South University",,verified,Current department and cardiovascular topic agree; observational-method shift retained for Owner review.,None found in reviewed records,candidate,,,canonical journal record; no linked preprint identified,yes,Featured selection remains pending_manual_review.
chen-shuhua,E18,Association of the triglyceride-glucose index with all-cause and cardiovascular mortality in patients with cardiometabolic syndrome: a national cohort study.,10.1186/s12933-024-02152-y,2024,PubMed PMID 38402393; Crossref/DOI when DOI exists; official profile for E2-E6,PUBMED_NAME_AFFILIATION_CLUSTER,Shuhua Chen,"Department of Biochemistry, School of Life Sciences, Central South University",,verified,Current department and cardiovascular topic agree; observational-method shift retained for Owner review.,None found in reviewed records,candidate,,,canonical journal record; no linked preprint identified,yes,Featured selection remains pending_manual_review.
chen-shuhua,E19,S1PR2/Wnt3a/RhoA/ROCK1/β-catenin signaling pathway promotes diabetic nephropathy by inducting endothelial mesenchymal transition and impairing endothelial barrier function.,10.1016/j.lfs.2023.121853,2023,PubMed PMID 37307963; Crossref/DOI when DOI exists; official profile for E2-E6,PUBMED_NAME_AFFILIATION_CLUSTER,Shuhua Chen,"Department of Biochemistry, School of Life Sciences of Central South University",,verified,Current department and established S1PR2/EndMT coauthor cluster agree.,None found in reviewed records,candidate,,,canonical journal record; no linked preprint identified,yes,Featured selection remains pending_manual_review.
chen-shuhua,E20,S1PR1 attenuates pulmonary fibrosis by inhibiting EndMT and improving endothelial barrier function.,10.1016/j.pupt.2023.102228,2023,PubMed PMID 37295666; Crossref/DOI when DOI exists; official profile for E2-E6,PUBMED_NAME_AFFILIATION_CLUSTER,Shuhua Chen,"Department of Biochemistry, School of Life Sciences of Central South University",,verified,Current department and established S1PR1/EndMT coauthor cluster agree.,None found in reviewed records,candidate,,,canonical journal record; no linked preprint identified,yes,Featured selection remains pending_manual_review.
chen-shuhua,E21,Resective Surgery for Drug-Resistant Epilepsy in Patients With Tuberous Sclerosis Complex: A Prospective Nationwide Multicenter Cohort Study.,10.1212/wnl.0000000000214260,2025,PubMed PMID 41100778; Crossref/DOI when DOI exists; official profile for E2-E6,PUBMED_NAME_AFFILIATION_CLUSTER,Shuhua Chen,"Neurology Department, Beijing Children's Hospital, Capital Medical University",,conflict,"Same-name author belongs to a different institution, department, field, and coauthor network.",Different institution/field/network,excluded,,,canonical journal record; no linked preprint identified,yes,Featured selection remains pending_manual_review.
chen-shuhua,E22,Oncogenic super-enhancer formation in tumorigenesis and its molecular mechanisms.,10.1038/s12276-020-0428-7,2020,PubMed PMID 32382065; Crossref/DOI when DOI exists; official profile for E2-E6,PUBMED_NAME_AFFILIATION_CLUSTER,Shuhua Chen,"Department of Otolaryngology, The Second People's Hospital of Foshan",,conflict,Same-name author belongs to a different institution and clinical department.,Different institution/field/network,excluded,,,canonical journal record; no linked preprint identified,yes,Featured selection remains pending_manual_review.
chen-shuhua,E23,MEF2A gene and susceptibility to coronary artery disease in the Chinese people.,,2006,PubMed PMID 16951497; Crossref/DOI when DOI exists; official profile for E2-E6,PUBMED_NAME_AFFILIATION_CLUSTER,Shuhua Chen,,,unresolved,"Topic and some record-level CSU context are plausible, but the target author lacks a directly closed affiliation, email, or ORCID.","No author-level affiliation, email, or ORCID",identity_pending,,,canonical journal record; no linked preprint identified,yes,Featured selection remains pending_manual_review.
deng-meichun,E2,SETD2 deficiency in peripheral sensory neurons induces allodynia by promoting NMDA receptor expression through NFAT5 in rodent models.,10.1016/j.ijbiomac.2024.136767,2024,PubMed PMID 39476923; DOI/Crossref; official profile for listed publications,OFFICIAL_PROFILE_NAME_AFFILIATION_CLUSTER,Meichun Deng,Central South University,,verified,"Official representative list plus PubMed DOI, author and current affiliation.",None found in reviewed records,adopted,E2,,canonical journal record; no linked preprint identified,yes,Featured selection remains pending_manual_review.
deng-meichun,E3,Overactive PKA signaling underlies the hyperalgesia in an ADHD mouse model.,10.1016/j.isci.2024.111110,2024,PubMed PMID 39507260; DOI/Crossref; official profile for listed publications,OFFICIAL_PROFILE_NAME_AFFILIATION_CLUSTER,Meichun Deng,Central South University,,verified,"Official representative list plus PubMed DOI, author and current affiliation.",None found in reviewed records,adopted,E3,,canonical journal record; no linked preprint identified,yes,Featured selection remains pending_manual_review.
deng-meichun,E4,Spider venom-derived peptide JZTX-14 prevents migration and invasion of breast cancer cells via inhibition of sodium channels.,10.3389/fphar.2023.1067665,2023,PubMed PMID 37033662; DOI/Crossref; official profile for listed publications,OFFICIAL_PROFILE_NAME_AFFILIATION_CLUSTER,Meichun Deng,Central South University,,verified,"Official representative list plus PubMed DOI, author and current affiliation.",None found in reviewed records,adopted,E4,,canonical journal record; no linked preprint identified,yes,Featured selection remains pending_manual_review.
deng-meichun,E5,Comparison of cardiovascular outcomes and cardiometabolic risk factors between patients with type 2 diabetes treated with sodium-glucose cotransporter-2 inhibitors and dipeptidyl peptidase-4 inhibitors: a meta-analysis.,10.1093/eurjpc/zwab099,2022,PubMed PMID 34136913; DOI/Crossref; official profile for listed publications,OFFICIAL_PROFILE_NAME_AFFILIATION_CLUSTER,Meichun Deng,Central South University,,verified,"Official representative list plus PubMed DOI, author and current affiliation.",None found in reviewed records,adopted,E5,,canonical journal record; no linked preprint identified,yes,Featured selection remains pending_manual_review.
deng-meichun,E6,α2δ-1-Bound N-Methyl-D-aspartate Receptors Mediate Morphine-induced Hyperalgesia and Analgesic Tolerance by Potentiating Glutamatergic Input in Rodents.,10.1097/aln.0000000000002648,2019,PubMed PMID 30839350; DOI/Crossref; official profile for listed publications,OFFICIAL_PROFILE_NAME_AFFILIATION_CLUSTER,Meichun Deng,University of Texas MD Anderson Cancer Center,,verified,Official representative list plus PubMed DOI and publication-time MD Anderson/CSU career affiliation.,None found in reviewed records,adopted,E6,,canonical journal record; no linked preprint identified,yes,Featured selection remains pending_manual_review.
deng-meichun,E7,Molecular Basis of the Inhibition of Voltage-Gated Potassium Channel Kv1.1 by Chinese Tarantula Peptide Huwentoxin-XI.,10.3390/toxins18030124,2026,PubMed PMID 41893546; DOI/Crossref; official profile for listed publications,OFFICIAL_PROFILE_NAME_AFFILIATION_CLUSTER,Meichun Deng,Central South University,,verified,Exact current department and established peptide/channel network; retained for Owner selection.,None found in reviewed records,adopted,E7,,canonical journal record; no linked preprint identified,yes,Featured selection remains pending_manual_review. Owner decision 2026-09-10: promoted to adopted for local publication review; not release approval.
deng-meichun,E8,High-dose polystyrene nanoparticles trigger aberrant activation of the MAPK pathway in spinal cord and pain hypersensitivity.,10.1186/s12951-026-04186-8,2026,PubMed PMID 41772688; DOI/Crossref; official profile for listed publications,OFFICIAL_PROFILE_NAME_AFFILIATION_CLUSTER,Meichun Deng,Central South University,0000-0002-3558-1314,verified,"Exact ORCID, official email and current department.",None found in reviewed records,adopted,E8,,canonical journal record; no linked preprint identified,yes,Featured selection remains pending_manual_review. Owner decision 2026-09-10: promoted to adopted for local publication review; not release approval.
deng-meichun,E9,Spider-derived peptide LCTx-F2 suppresses ASIC channels by occupying the acidic pocket.,10.1016/j.jbc.2025.108286,2025,PubMed PMID 39938802; DOI/Crossref; official profile for listed publications,OFFICIAL_PROFILE_NAME_AFFILIATION_CLUSTER,Meichun Deng,Central South University,,verified,Exact current department and established peptide/channel coauthor network.,None found in reviewed records,candidate,,,canonical journal record; no linked preprint identified,yes,Featured selection remains pending_manual_review.
deng-meichun,E10,New advances in Nrf2-mediated analgesic drugs.,10.1016/j.phymed.2022.154598,2023,PubMed PMID 36603339; DOI/Crossref; official profile for listed publications,OFFICIAL_PROFILE_NAME_AFFILIATION_CLUSTER,Meichun Deng,Central South University,,verified,"Official email, current department and pain topic agree.",None found in reviewed records,adopted,E10,,canonical journal record; no linked preprint identified,yes,Featured selection remains pending_manual_review. Owner decision 2026-09-10: promoted to adopted for local publication review; not release approval.
deng-meichun,E11,Structure and Function of Sodium Channel Nav1.3 in Neurological Disorders.,10.1007/s10571-022-01211-w,2023,PubMed PMID 35332400; DOI/Crossref; official profile for listed publications,OFFICIAL_PROFILE_NAME_AFFILIATION_CLUSTER,Meichun Deng,Central South University,0000-0002-3558-1314,verified,"Exact ORCID, official email and current department.",None found in reviewed records,adopted,E11,,canonical journal record; no linked preprint identified,yes,Featured selection remains pending_manual_review. Owner decision 2026-09-10: promoted to adopted for local publication review; not release approval.
deng-suixin,E2,Knockout of Bmal1 in dopaminergic neurons induces ADHD-like symptoms via hyperactive dopamine signaling in male mice.,10.1186/s12993-025-00287-w,2025,PubMed PMID 40646562; DOI/Crossref; official profile for listed publications,OFFICIAL_PROFILE_NAME_AFFILIATION_CLUSTER,Suixin Deng,Central South University,,verified,Official representative list plus official email and current affiliation.,None found in reviewed records,adopted,E2,,canonical journal record; no linked preprint identified,yes,Featured selection remains pending_manual_review.
deng-suixin,E3,Deep brain stimulation alleviates Parkinsonian motor deficits through desynchronizing GABA release in mice.,10.1038/s41467-025-59113-6,2025,PubMed PMID 40253429; DOI/Crossref; official profile for listed publications,OFFICIAL_PROFILE_NAME_AFFILIATION_CLUSTER,Suixin Deng,Central South University,0000-0003-4795-2570,verified,"Official representative list plus exact ORCID, email and current affiliation.",None found in reviewed records,adopted,E3,,canonical journal record; no linked preprint identified,yes,Featured selection remains pending_manual_review.
deng-suixin,E4,GDF11 slows excitatory neuronal senescence and brain ageing by repressing p21.,10.1038/s41467-023-43292-1,2023,PubMed PMID 37978295; DOI/Crossref; official profile for listed publications,OFFICIAL_PROFILE_NAME_AFFILIATION_CLUSTER,Suixin Deng,Fudan University,0000-0003-4795-2570,verified,Official representative list plus exact ORCID and publication-time Fudan affiliation.,None found in reviewed records,adopted,E4,,canonical journal record; no linked preprint identified,yes,Featured selection remains pending_manual_review.
deng-suixin,E5,Human antimicrobial peptide LL-37 contributes to Alzheimer's disease progression.,10.1038/s41380-022-01790-6,2022,PubMed PMID 36138130; DOI/Crossref; official profile for listed publications,OFFICIAL_PROFILE_NAME_AFFILIATION_CLUSTER,Suixin Deng,Fudan University,0000-0003-4795-2570,verified,Official representative list plus exact ORCID and publication-time Fudan affiliation.,None found in reviewed records,adopted,E5,,canonical journal record; no linked preprint identified,yes,Featured selection remains pending_manual_review.
deng-suixin,E6,Regulation of Recurrent Inhibition by Asynchronous Glutamate Release in Neocortex.,10.1016/j.neuron.2019.10.038,2020,PubMed PMID 31806492; DOI/Crossref; official profile for listed publications,OFFICIAL_PROFILE_NAME_AFFILIATION_CLUSTER,Suixin Deng,Beijing Normal University,,verified,"Official representative list plus PubMed DOI, first-author position and publication-time BNU affiliation.",None found in reviewed records,adopted,E6,,canonical journal record; no linked preprint identified,yes,Featured selection remains pending_manual_review.
deng-suixin,E7,Increased activity of DRD1-MSNs in dorsolateral striatum underlies Cry1Δ11 mutation-induced repetitive behaviors.,10.1038/s41398-026-04219-8,2026,PubMed PMID 42443162; DOI/Crossref; official profile for listed publications,OFFICIAL_PROFILE_NAME_AFFILIATION_CLUSTER,Suixin Deng,Central South University,0000-0003-4795-2570,verified,"Exact ORCID, official email and current affiliation.",None found in reviewed records,adopted,E7,,canonical journal record; no linked preprint identified,yes,Featured selection remains pending_manual_review. Owner decision 2026-09-10: promoted to adopted for local publication review; not release approval.
deng-suixin,E8,Evidence supporting the role of GIGYF2 in synapse development and autism.,10.1038/s41380-026-03681-6,2026,PubMed PMID 42297935; DOI/Crossref; official profile for listed publications,OFFICIAL_PROFILE_NAME_AFFILIATION_CLUSTER,Suixin Deng,Central South University,,verified,Exact current unit and official neurodevelopment direction; retained as candidate.,None found in reviewed records,adopted,E8,,canonical journal record; no linked preprint identified,yes,Featured selection remains pending_manual_review. Owner decision 2026-09-10: promoted to adopted for local publication review; not release approval.
deng-suixin,E9,Spindle neurons in human cortex possess distinctive firing properties and transcriptomic signatures.,10.1038/s41467-026-72935-2,2026,PubMed PMID 42120382; DOI/Crossref; official profile for listed publications,OFFICIAL_PROFILE_NAME_AFFILIATION_CLUSTER,Suixin Deng,Central South University,,verified,Exact current unit and coherent neuroscience network; retained as candidate.,None found in reviewed records,candidate,,,canonical journal record; no linked preprint identified,yes,Featured selection remains pending_manual_review.
duan-ranhui,E2,Modulating CCTG repeat expansion toxicity in DM2 Drosophila model through TDP1 inhibition.,10.1038/s44321-025-00217-3,2025,PubMed PMID 40133672; DOI/Crossref; official profile for listed publications,OFFICIAL_PROFILE_NAME_AFFILIATION_CLUSTER,Ranhui Duan,Central South University,0000-0001-7117-4487,verified,"Official representative list plus exact ORCID, email and current affiliation.",None found in reviewed records,adopted,E2,,canonical journal record; no linked preprint identified,yes,Featured selection remains pending_manual_review.
duan-ranhui,E3,Eg5 UFMylation promotes spindle organization during mitosis.,10.1038/s41419-024-06934-w,2024,PubMed PMID 39085203; DOI/Crossref; official profile for listed publications,OFFICIAL_PROFILE_NAME_AFFILIATION_CLUSTER,Ranhui Duan,Central South University,0000-0001-7117-4487,verified,"Official representative list plus exact ORCID, email and current affiliation; formal article selected over preprint 10.21203/rs.3.rs-3754446/v1.",None found in reviewed records,adopted,E3,duan-ranhui-eg5,formal article selected over preprint,yes,Featured selection remains pending_manual_review.
duan-ranhui,E4,Strategic Implementation of Fragile X Carrier Screening in China: A Focused Pilot Study.,10.1016/j.jmoldx.2024.06.005,2024,PubMed PMID 39032823; DOI/Crossref; official profile for listed publications,OFFICIAL_PROFILE_NAME_AFFILIATION_CLUSTER,Ranhui Duan,Central South University,,verified,Official representative list plus official email and current affiliation.,None found in reviewed records,adopted,E4,,canonical journal record; no linked preprint identified,yes,Featured selection remains pending_manual_review.
duan-ranhui,E5,Loss of Drosophila NUS1 results in cholesterol accumulation and Parkinson's disease-related neurodegeneration.,10.1096/fj.202200212r,2022,PubMed PMID 35695805; DOI/Crossref; official profile for listed publications,OFFICIAL_PROFILE_NAME_AFFILIATION_CLUSTER,Ranhui Duan,Central South University,,verified,Official representative list plus current affiliation and Drosophila disease-model continuity.,None found in reviewed records,adopted,E5,,canonical journal record; no linked preprint identified,yes,Featured selection remains pending_manual_review.
duan-ranhui,E6,Assessment of GGC Repeat Expansion in GIPC1 in Patients with Parkinson's Disease.,10.1002/mds.29041,2022,PubMed PMID 35521937; DOI/Crossref; official profile for listed publications,OFFICIAL_PROFILE_NAME_AFFILIATION_CLUSTER,Ranhui Duan,Central South University,,verified,Official representative list plus current medical-genetics affiliation.,None found in reviewed records,adopted,E6,,canonical journal record; no linked preprint identified,yes,Featured selection remains pending_manual_review.
duan-ranhui,E7,"FYN, a Novel Target of Fragile X Mental Retardation Protein, Potentially Underlies ERK1/2 Hyperactivation in Fragile X Syndrome.",10.1007/s12035-026-06115-0,2026,PubMed PMID 42557527; DOI/Crossref; official profile for listed publications,OFFICIAL_PROFILE_NAME_AFFILIATION_CLUSTER,Ranhui Duan,Central South University,,verified,Exact current unit and fragile-X topic.,None found in reviewed records,adopted,E7,,canonical journal record; no linked preprint identified,yes,Featured selection remains pending_manual_review. Owner decision 2026-09-10: promoted to adopted for local publication review; not release approval.
duan-ranhui,E8,Integrator subunit IntS11 orchestrates the temporal dynamics of neural lineage progression in Drosophila.,10.1186/s13578-026-01578-z,2026,PubMed PMID 42035222; DOI/Crossref; official profile for listed publications,OFFICIAL_PROFILE_NAME_AFFILIATION_CLUSTER,Ranhui Duan,Central South University,,verified,"Official email, current unit and Drosophila network.",None found in reviewed records,adopted,E8,,canonical journal record; no linked preprint identified,yes,Featured selection remains pending_manual_review. Owner decision 2026-09-10: promoted to adopted for local publication review; not release approval.
duan-ranhui,E9,Plasma p-tau species are elevated in presymptomatic and symptomatic neuronal intranuclear inclusion disease.,10.1016/j.ebiom.2026.106127,2026,PubMed PMID 41539185; DOI/Crossref; official profile for listed publications,OFFICIAL_PROFILE_NAME_AFFILIATION_CLUSTER,Ranhui Duan,Central South University,,verified,Exact current unit and repeat-expansion neurodegeneration context.,None found in reviewed records,candidate,,,canonical journal record; no linked preprint identified,yes,Featured selection remains pending_manual_review.
duan-ranhui,E10,Genome-wide modulation of alternative splicing by a predicted alpha helix in U2AF2.,10.1093/nar/gkaf1347,2025,PubMed PMID 41404809; DOI/Crossref; official profile for listed publications,OFFICIAL_PROFILE_NAME_AFFILIATION_CLUSTER,Ranhui Duan,Central South University,,verified,Exact current unit and molecular-genetics network.,None found in reviewed records,candidate,,,canonical journal record; no linked preprint identified,yes,Featured selection remains pending_manual_review.
duan-ranhui,E11,"UBA5 missense variants disrupt UFM1 activation: Structural, dynamic, and functional dissection.",10.1016/j.ijbiomac.2025.149540,2026,PubMed PMID 41360240; DOI/Crossref; official profile for listed publications,OFFICIAL_PROFILE_NAME_AFFILIATION_CLUSTER,Ranhui Duan,Central South University,,verified,Official email and current unit.,None found in reviewed records,adopted,E11,,canonical journal record; no linked preprint identified,yes,Featured selection remains pending_manual_review. Owner decision 2026-09-10: promoted to adopted for local publication review; not release approval.
fan-liangliang,E2,Loss of RTN3 phenocopies chronic kidney disease and results in activation of the IGF2-JAK2 pathway in proximal tubular epithelial cells.,10.1038/s12276-022-00763-7,2022,PubMed PMID 35596061; DOI/Crossref; official profile for listed publications,OFFICIAL_PROFILE_NAME_AFFILIATION_CLUSTER,Liang-Liang Fan,Central South University,,verified,Official representative list plus first-author position and publication-time CSU affiliations.,None found in reviewed records,adopted,E2,,canonical journal record; no linked preprint identified,yes,Featured selection remains pending_manual_review.
fan-liangliang,E3,Haploinsufficiency of syncoilin leads to hypertrophic cardiomyopathy.,10.1016/j.gendis.2022.02.011,2022,PubMed PMID 36157493; DOI/Crossref; official profile for listed publications,OFFICIAL_PROFILE_NAME_AFFILIATION_CLUSTER,Liang-Liang Fan,Central South University,,verified,Official representative list plus first-author position and publication-time CSU affiliations.,None found in reviewed records,adopted,E3,,canonical journal record; no linked preprint identified,yes,Featured selection remains pending_manual_review.
fan-liangliang,E4,Reticulon 3 regulates sphingosine-1-phosphate synthesis in endothelial cells to control blood pressure.,10.1002/mco2.480,2024,PubMed PMID 38352050; DOI/Crossref; official profile for listed publications,OFFICIAL_PROFILE_NAME_AFFILIATION_CLUSTER,Liang-Liang Fan,Central South University,0000-0001-7431-1838,verified,Official representative list plus exact ORCID and current affiliation.,None found in reviewed records,adopted,E4,,canonical journal record; no linked preprint identified,yes,Featured selection remains pending_manual_review.
fan-liangliang,E5,Lipin3 deficiency promotes hepatocyte ferroptosis and pyroptosis via activating JAK1-STAT3 pathway during acetaminophen induced acute liver injury.,10.1186/s43556-025-00317-z,2025,PubMed PMID 41071519; DOI/Crossref; official profile for listed publications,OFFICIAL_PROFILE_NAME_AFFILIATION_CLUSTER,Liang-Liang Fan,Central South University,,verified,Official representative list plus official email and current affiliation.,None found in reviewed records,adopted,E5,,canonical journal record; no linked preprint identified,yes,Featured selection remains pending_manual_review.
fan-liangliang,E6,Lipin3 deficiency aggravates cisplatin induced acute kidney injury via activating Sirt1-p21-Caspase 3-GSDME pyroptosis pathway.,10.7150/ijbs.110125,2025,PubMed PMID 40959286; DOI/Crossref; official profile for listed publications,OFFICIAL_PROFILE_NAME_AFFILIATION_CLUSTER,Liang-Liang Fan,Central South University,,verified,Official representative list plus current affiliation and Lipin3 coauthor continuity.,None found in reviewed records,adopted,E6,,canonical journal record; no linked preprint identified,yes,Featured selection remains pending_manual_review.
fan-liangliang,E7,Novel MORC2 variants in Charcot-Marie-Tooth disease type 2Z: genetic and functional insights.,10.3389/fmed.2026.1864944,2026,PubMed PMID 42656289; DOI/Crossref; official profile for listed publications,OFFICIAL_PROFILE_NAME_AFFILIATION_CLUSTER,Liang-Liang Fan,Central South University,,verified,Exact current cell-biology unit and medical-genetics topic.,None found in reviewed records,candidate,,,canonical journal record; no linked preprint identified,yes,Featured selection remains pending_manual_review.
fan-liangliang,E8,"Clinical and immunological features of a patient exhibiting delayed puberty, microcephaly, scoliosis and epilepsy caused by a novel mutation in IGSF10.",10.3389/fcell.2026.1816964,2026,PubMed PMID 42597489; DOI/Crossref; official profile for listed publications,OFFICIAL_PROFILE_NAME_AFFILIATION_CLUSTER,Liang-Liang Fan,Central South University,,verified,Exact current cell-biology unit and medical-genetics topic.,None found in reviewed records,candidate,,,canonical journal record; no linked preprint identified,yes,Featured selection remains pending_manual_review.
fan-liangliang,E9,Effects of Thap6 gene knockout on emotional and social behaviors in mice.,10.11817/j.issn.1672-7347.2026.260005,2026,PubMed PMID 42565575; DOI/Crossref; official profile for listed publications,OFFICIAL_PROFILE_NAME_AFFILIATION_CLUSTER,Liang-Liang Fan,Central South University,,verified,Exact current unit and model-organism method.,None found in reviewed records,candidate,,,canonical journal record; no linked preprint identified,yes,Featured selection remains pending_manual_review.
fan-liangliang,E10,A novel mutation in SETD1A is associated with early-onset epilepsy-a rare case report.,10.3389/fnins.2026.1864983,2026,PubMed PMID 42495272; DOI/Crossref; official profile for listed publications,OFFICIAL_PROFILE_NAME_AFFILIATION_CLUSTER,Liang-Liang Fan,Central South University,,verified,Exact current unit and medical-genetics topic.,None found in reviewed records,candidate,,,canonical journal record; no linked preprint identified,yes,Featured selection remains pending_manual_review.
fan-liangliang,E11,Whole exome sequencing identified a novel compound heterozygous mutation of nephrocystin 4 in a child with nephronophthisis-a rare case report.,10.3389/fped.2026.1864993,2026,PubMed PMID 42483414; DOI/Crossref; official profile for listed publications,OFFICIAL_PROFILE_NAME_AFFILIATION_CLUSTER,Liang-Liang Fan,Central South University,,verified,Exact current unit and renal-genetics topic.,None found in reviewed records,candidate,,,canonical journal record; no linked preprint identified,yes,Featured selection remains pending_manual_review.
guo-yi,E2,Research on the influencing factors of users' information processing in online health communities based on heuristic-systematic model.,10.3389/fpsyg.2022.966033,2022,PubMed PMID 36324785; DOI/Crossref; official profile for listed publications,OFFICIAL_PROFILE_NAME_AFFILIATION_CLUSTER,Yi Guo,Central South University,,verified,Official representative list plus exact biomedical-informatics affiliation.,None found in reviewed records,adopted,E2,,canonical journal record; no linked preprint identified,yes,Featured selection remains pending_manual_review.
guo-yi,E3,Effect of Information Framing on Wearing Masks During the COVID-19 Pandemic: Interaction With Social Norms and Information Credibility.,10.3389/fpubh.2022.811792,2022,PubMed PMID 35284387; DOI/Crossref; official profile for listed publications,OFFICIAL_PROFILE_NAME_AFFILIATION_CLUSTER,Yi Guo,Central South University,,verified,Official representative list plus exact biomedical-informatics affiliation.,None found in reviewed records,adopted,E3,,canonical journal record; no linked preprint identified,yes,Featured selection remains pending_manual_review.
guo-yi,E4,The Uptake and Vaccination Willingness of COVID-19 Vaccine among Chinese Residents: Web-Based Online Cross-Sectional Study.,10.3390/vaccines10010090,2022,PubMed PMID 35062751; DOI/Crossref; official profile for listed publications,OFFICIAL_PROFILE_NAME_AFFILIATION_CLUSTER,Yi Guo,Central South University,0000-0003-2727-9809,verified,Official representative list plus exact ORCID and biomedical-information affiliation.,None found in reviewed records,adopted,E4,,canonical journal record; no linked preprint identified,yes,Featured selection remains pending_manual_review.
guo-yi,E5,Exploring Users' Health Behavior Changes in Online Health Communities: Heuristic-Systematic Perspective Study.,10.3390/ijerph191811783,2022,PubMed PMID 36142055; DOI/Crossref; official profile for listed publications,OFFICIAL_PROFILE_NAME_AFFILIATION_CLUSTER,Yi Guo,Central South University,0000-0003-2727-9809,verified,Official representative list plus exact ORCID and biomedical-information affiliation.,None found in reviewed records,adopted,E5,,canonical journal record; no linked preprint identified,yes,Featured selection remains pending_manual_review.
guo-yi,E6,Genetic Analysis and Literature Review of SNCA Variants in Parkinson's Disease.,10.3389/fnagi.2021.648151,2021,PubMed PMID 34456707; DOI/Crossref; official profile for listed publications,OFFICIAL_PROFILE_NAME_AFFILIATION_CLUSTER,Yi Guo,Central South University,,verified,Official representative list plus first-author position and medical-information affiliation.,None found in reviewed records,adopted,E6,,canonical journal record; no linked preprint identified,yes,Featured selection remains pending_manual_review.
guo-yi,E7,Assessing the influence of generative artificial intelligence (GenAI) on awareness and behavior in medical research integrity: An online survey study.,10.1080/08989621.2025.2554696,2025,PubMed PMID 40908928; DOI/Crossref; official profile for listed publications,AMBIGUOUS_CLUSTER,Yi Guo,,,unresolved,"Name and broad School of Life Sciences affiliation fit, but department/email/ORCID do not close the common-name risk.","Name and broad School of Life Sciences affiliation fit, but department/email/ORCID do not close the common-name risk.",identity_pending,,,canonical journal record; no linked preprint identified,yes,Featured selection remains pending_manual_review.
guo-yi,E8,Genetic architecture of amyotrophic lateral sclerosis: a comprehensive review.,10.1016/j.jgg.2025.05.008,2025,PubMed PMID 40446958; DOI/Crossref; official profile for listed publications,OFFICIAL_PROFILE_NAME_AFFILIATION_CLUSTER,Yi Guo,Central South University,,verified,Exact medical-information unit and genetics topic.,None found in reviewed records,adopted,E8,,canonical journal record; no linked preprint identified,yes,Featured selection remains pending_manual_review. Owner decision 2026-09-10: promoted to adopted for local publication review; not release approval.
guo-yi,E9,Factors influencing user's health information discernment abilities in online health communities: based on SEM and fsQCA.,10.3389/fpubh.2024.1379094,2024,PubMed PMID 39351031; DOI/Crossref; official profile for listed publications,OFFICIAL_PROFILE_NAME_AFFILIATION_CLUSTER,Yi Guo,Central South University,,verified,Exact biomedical-informatics unit and online-health coauthor/topic continuity.,None found in reviewed records,adopted,E9,,canonical journal record; no linked preprint identified,yes,Featured selection remains pending_manual_review. Owner decision 2026-09-10: promoted to adopted for local publication review; not release approval.
guo-yi,E10,Scientific misconduct responsibility attribution: An empirical study on byline position and team identity in Chinese medical papers.,10.1371/journal.pone.0308377,2024,PubMed PMID 39102401; DOI/Crossref; official profile for listed publications,OFFICIAL_PROFILE_NAME_AFFILIATION_CLUSTER,Yi Guo,Central South University,,verified,Exact biomedical-informatics unit and research-information topic.,None found in reviewed records,candidate,,,canonical journal record; no linked preprint identified,yes,Featured selection remains pending_manual_review.
guo-yi,E11,HOXC10 Protects from Skin Aging by Targeting the FZD6/Wnt/β-Catenin Signaling Pathway.,10.34133/research.0976,2025,PubMed PMID 41268215; DOI/Crossref; official profile for listed publications,SAME_NAME_OTHER_CLUSTER,Yi Guo,Xiangya Hospital Department of Dermatology,,conflict,Same-name author is in dermatology with a different department and coauthor network.,Same-name author is in dermatology with a different department and coauthor network.,excluded,,,canonical journal record; no linked preprint identified,yes,Featured selection remains pending_manual_review.
jiang-hao,E2,Targeting C21orf58 is a Novel Treatment Strategy of Hepatocellular Carcinoma by Disrupting the Formation of JAK2/C21orf58/STAT3 Complex.,10.1002/advs.202306623,2024,PubMed PMID 38342622; DOI/Crossref; official profile for listed publications,OFFICIAL_PROFILE_NAME_AFFILIATION_CLUSTER,Hao Jiang,Central South University,,verified,Official representative list plus first-author position and exact biomedical-informatics affiliation.,None found in reviewed records,adopted,E2,,canonical journal record; no linked preprint identified,yes,Featured selection remains pending_manual_review.
jiang-hao,E3,STAT5a and SH2B3 novel mutations display malignancy roles in a triple-negative primary myelofibrosis patient.,10.1038/s41417-023-00719-7,2024,PubMed PMID 38135698; DOI/Crossref; official profile for listed publications,OFFICIAL_PROFILE_NAME_AFFILIATION_CLUSTER,Hao Jiang,Central South University,0000-0001-7270-1939,verified,"Official representative list plus exact ORCID, email and biomedical-informatics affiliation.",None found in reviewed records,adopted,E3,,canonical journal record; no linked preprint identified,yes,Featured selection remains pending_manual_review.
jiang-hao,E4,Deubiquitinase OTUD3: a double-edged sword in immunity and disease.,10.3389/fcell.2023.1237530,2023,PubMed PMID 37829187; DOI/Crossref; official profile for listed publications,OFFICIAL_PROFILE_NAME_AFFILIATION_CLUSTER,Hao Jiang,Central South University,,verified,Official representative list plus exact biomedical-informatics affiliation.,None found in reviewed records,adopted,E4,,canonical journal record; no linked preprint identified,yes,Featured selection remains pending_manual_review.
jiang-hao,E5,Immunostimulant nanomodulator boosts antitumor immune response in triple negative breast cancer by synergism of vessel normalization and photothermal therapy.,10.1007/s12274-023-5786-8,2023,DOI/Crossref; official profile for listed publications,AMBIGUOUS_CLUSTER,Hao Jiang,,,unresolved,"Official profile and Crossref close title/first author, but reviewed metadata did not close publication-time affiliation; retained unresolved.","Official profile and Crossref close title/first author, but reviewed metadata did not close publication-time affiliation; retained unresolved.",identity_pending,,,canonical journal record; no linked preprint identified,yes,Featured selection remains pending_manual_review.
jiang-hao,E6,Upregulated GATA3/miR205-5p Axis Inhibits MFNG Transcription and Reduces the Malignancy of Triple-Negative Breast Cancer.,10.3390/cancers14133057,2022,PubMed PMID 35804829; DOI/Crossref; official profile for listed publications,OFFICIAL_PROFILE_NAME_AFFILIATION_CLUSTER,Hao Jiang,Central South University,,verified,Official representative list plus exact biomedical-informatics affiliation.,None found in reviewed records,adopted,E6,,canonical journal record; no linked preprint identified,yes,Featured selection remains pending_manual_review.
jiang-hao,E7,RFC5 and STAT3 form a transcriptional complex to drive NSCLC progression via c-Myc.,10.1016/j.isci.2026.117246,2026,PubMed PMID 42662404; DOI/Crossref; official profile for listed publications,OFFICIAL_PROFILE_NAME_AFFILIATION_CLUSTER,Hao Jiang,Central South University,,verified,Exact biomedical-informatics unit and established tumor/STAT3 network.,None found in reviewed records,adopted,E7,,canonical journal record; no linked preprint identified,yes,Featured selection remains pending_manual_review. Owner decision 2026-09-10: promoted to adopted for local publication review; not release approval.
jiang-hao,E8,Durvalumab Consolidation Treatment Following Concurrent Chemoradiotherapy in Limited-Stage SCLC: ADRIATIC China Subgroup Analysis.,10.1016/j.jtocrr.2026.101022,2026,PubMed PMID 42529258; DOI/Crossref; official profile for listed publications,SAME_NAME_OTHER_CLUSTER,Hao Jiang,First Affiliated Hospital of Bengbu Medical University,,conflict,Same-name author has a different hospital and radiation-oncology network.,Same-name author has a different hospital and radiation-oncology network.,excluded,,,canonical journal record; no linked preprint identified,yes,Featured selection remains pending_manual_review.
jiang-hao,E9,Lattice Geometry Modulation of Heisenberg Superexchange in B/C/N-Substituted MXenes.,10.1021/acs.inorgchem.6c01622,2026,PubMed PMID 42443070; DOI/Crossref; official profile for listed publications,SAME_NAME_OTHER_CLUSTER,Hao Jiang,Central South University School of Physics,,conflict,Same-name author is in physics and an unrelated field/network.,Same-name author is in physics and an unrelated field/network.,excluded,,,canonical journal record; no linked preprint identified,yes,Featured selection remains pending_manual_review.
jiang-hao,E10,Efficacy and safety of toripalimab in combination with cetuximab in patients with recurrent or metastatic head and neck squamous cell carcinoma: a phase 1b/2 study.,10.1038/s41392-026-02707-3,2026,PubMed PMID 42260304; DOI/Crossref; official profile for listed publications,SAME_NAME_OTHER_CLUSTER,Hao Jiang,First Affiliated Hospital of Bengbu Medical University,,conflict,Same-name author has a different hospital and radiation-oncology network.,Same-name author has a different hospital and radiation-oncology network.,excluded,,,canonical journal record; no linked preprint identified,yes,Featured selection remains pending_manual_review.
jiang-hao,E11,One-pot fabrication and characterization of ZnO nanoflowers using Zanthoxylum simulans and evaluating their biomedical claims.,10.1007/s00604-026-08166-5,2026,PubMed PMID 42246990; DOI/Crossref; official profile for listed publications,AMBIGUOUS_CLUSTER,Hao Jiang,,,unresolved,"Department text fits, but the listed email is jianhao1209@csu.edu.cn rather than the publication identity email; keep unresolved.","Department text fits, but the listed email is jianhao1209@csu.edu.cn rather than the publication identity email; keep unresolved.",identity_pending,,,canonical journal record; no linked preprint identified,yes,Featured selection remains pending_manual_review.
li-jinchen,E2,Prioritizing de novo potential non-canonical splicing variants in neurodevelopmental disorders.,10.1016/j.ebiom.2023.104928,2024,PubMed PMID 38113761; DOI/Crossref; official profile for listed publications,OFFICIAL_PROFILE_NAME_AFFILIATION_CLUSTER,Jinchen Li,Central South University,,verified,Official representative list plus official email and multi-unit CSU affiliation.,None found in reviewed records,adopted,E2,,canonical journal record; no linked preprint identified,yes,Featured selection remains pending_manual_review.
li-jinchen,E3,VarCards2: an integrated genetic and clinical database for ACMG-AMP variant-interpretation guidelines in the human whole genome.,10.1093/nar/gkad1061,2024,PubMed PMID 37956311; DOI/Crossref; official profile for listed publications,OFFICIAL_PROFILE_NAME_AFFILIATION_CLUSTER,Jinchen Li,Central South University,,verified,Official representative list plus exact author and multi-unit CSU affiliation; publication ORCID conflicts with another official paper and is not adopted as advisor ORCID.,None found in reviewed records,adopted,E3,,canonical journal record; no linked preprint identified,yes,Featured selection remains pending_manual_review.
li-jinchen,E4,"A metabolomic profile of biological aging in 250,341 individuals from the UK Biobank.",10.1038/s41467-024-52310-9,2024,PubMed PMID 39278973; DOI/Crossref; official profile for listed publications,OFFICIAL_PROFILE_NAME_AFFILIATION_CLUSTER,Jinchen Li,Central South University,,verified,Official representative list plus official email and multi-unit CSU affiliation; ORCID conflicts with E3 and remains unresolved.,None found in reviewed records,adopted,E4,,canonical journal record; no linked preprint identified,yes,Featured selection remains pending_manual_review.
li-jinchen,E5,Gene4Denovo2: an updated platform for human de novo mutations discovery and interpretation.,10.1093/nar/gkaf980,2026,PubMed PMID 41024706; DOI/Crossref; official profile for listed publications,OFFICIAL_PROFILE_NAME_AFFILIATION_CLUSTER,Jinchen Li,Central South University,,verified,Official representative list plus exact author and multi-unit CSU affiliation.,None found in reviewed records,adopted,E5,,canonical journal record; no linked preprint identified,yes,Featured selection remains pending_manual_review.
li-jinchen,E6,Interactions between rare and common variant genetic risks in determining telomere length.,10.1016/j.scib.2025.10.028,2026,PubMed PMID 41203482; DOI/Crossref; official profile for listed publications,OFFICIAL_PROFILE_NAME_AFFILIATION_CLUSTER,Jinchen Li,Central South University,,verified,Official representative list plus official email and multi-unit CSU affiliation.,None found in reviewed records,adopted,E6,,canonical journal record; no linked preprint identified,yes,Featured selection remains pending_manual_review.
li-jinchen,E7,DeNovoSeer: a deep learning framework for pathogenicity prediction of de novo mutations.,10.1093/bib/bbag428,2026,PubMed PMID 42574277; DOI/Crossref; official profile for listed publications,AMBIGUOUS_CLUSTER,Jinchen Li,,,unresolved,"Relevant unit but carries ORCID 0000-0003-3335-9303, one side of the unresolved two-ORCID conflict.","Relevant unit but carries ORCID 0000-0003-3335-9303, one side of the unresolved two-ORCID conflict.",identity_pending,,,canonical journal record; no linked preprint identified,yes,Featured selection remains pending_manual_review.
li-jinchen,E8,Genomic landscape of rare variants in a Chinese autism cohort and discovery of novel risk genes.,10.1038/s41380-026-03754-6,2026,PubMed PMID 42463903; DOI/Crossref; official profile for listed publications,AMBIGUOUS_CLUSTER,Jinchen Li,,,unresolved,"Relevant unit but carries ORCID 0000-0001-5522-806X, the other side of the unresolved two-ORCID conflict.","Relevant unit but carries ORCID 0000-0001-5522-806X, the other side of the unresolved two-ORCID conflict.",identity_pending,,,canonical journal record; no linked preprint identified,yes,Featured selection remains pending_manual_review.
li-jinchen,E9,Biallelic hexose-6-phosphate dehydrogenase variants cause mitochondrial dysfunction underlying Parkinson's disease.,10.1016/j.scib.2026.07.038,2026,PubMed PMID 42463407; DOI/Crossref; official profile for listed publications,OFFICIAL_PROFILE_NAME_AFFILIATION_CLUSTER,Jinchen Li,Central South University,,verified,Exact multi-unit CSU bioinformatics/medical-genetics affiliation and official disease direction.,None found in reviewed records,adopted,E9,,canonical journal record; no linked preprint identified,yes,Featured selection remains pending_manual_review. Owner decision 2026-09-10: promoted to adopted for local publication review; not release approval.
li-jinchen,E10,Metabolomic signatures for diagnosis and clinical severity in Parkinson's disease.,10.1016/j.ebiom.2026.106383,2026,PubMed PMID 42447752; DOI/Crossref; official profile for listed publications,OFFICIAL_PROFILE_NAME_AFFILIATION_CLUSTER,Jinchen Li,Central South University,,verified,Exact multi-unit CSU affiliation and official neuropsychiatric-disease direction.,None found in reviewed records,candidate,,,canonical journal record; no linked preprint identified,yes,Featured selection remains pending_manual_review.
li-jinchen,E11,Large-scale profiling of blood microbial signatures in patients with Parkinson's disease and its association with disease progression: a cross-sectional study.,10.1016/j.ebiom.2026.106224,2026,PubMed PMID 41864063; DOI/Crossref; official profile for listed publications,OFFICIAL_PROFILE_NAME_AFFILIATION_CLUSTER,Jinchen Li,Central South University,,verified,"Official email, exact multi-unit CSU affiliation and disease direction.",None found in reviewed records,adopted,E11,,canonical journal record; no linked preprint identified,yes,Featured selection remains pending_manual_review. Owner decision 2026-09-10: promoted to adopted for local publication review; not release approval.
